1.559e+09,-0.58344,1.1388,-0.76173,-0.052457,0.046692,0.028677,-0.23067,-0.90812,-0.34945,0.00632,0.02053,-0.01553,-23.903,-41.289,1.2513,0,0,0,0,0,0,0
1.559e+09,-0.5804,1.1365,-0.76378,-0.042939,0.031853,0.03388,-0.23072,-0.90718,-0.35184,0.005696,0.018996,-0.018914,-23.917,-41.284,1.1385,0,0,0,0,0,0,0
1.559e+09,-0.57966,1.1349,-0.76386,-0.019571,0.024353,0.048774,-0.23126,-0.9065,-0.35323,0.003643,0.016868,-0.022483,-23.938,-41.274,1.0668,0,0,0,0,0,0,0
1.559e+09,-0.57982,1.1333,-0.76262,0.024081,0.036837,0.068147,-0.23211,-0.90582,-0.35442,-0.000266,0.004454,-0.017698,-24.005,-41.237,0.96137,0,0,0,0,0,0,0
1.559e+09,-0.58322,1.1332,-0.75829,0.07193,0.019668,0.064818,-0.23335,-0.90579,-0.35368,-0.006747,0.000258,-0.007433,-24.073,-41.198,0.95212,0,0,0,0,0,0,0
1.559e+09,-0.5872,1.1338,-0.7538,0.074055,0.005874,0.03693,-0.23446,-0.90604,-0.3523,-0.011753,-0.000927,-0.001944,-24.099,-41.182,0.97894,0,0,0,0,0,0,0
1.559e+09,-0.59125,1.1346,-0.74934,0.044374,0.033479,0.01582,-0.23548,-0.90638,-0.35075,-0.012242,-0.001429,0.01033,-24.169,-41.139,1.0752,0,0,0,0,0,0,0
1.559e+09,-0.5924,1.135,-0.74707,0.021021,0.060049,0.031004,-0.23572,-0.90651,-0.35024,-0.006265,-0.001308,0.009862,-24.205,-41.117,1.1106,0,0,0,0,0,0,0
1.559e+09,-0.59363,1.1353,-0.74435,0.037012,0.069485,0.036445,-0.23599,-0.90665,-0.34971,-0.003296,0.001008,0.012004,-24.219,-41.109,1.1048,0,0,0,0,0,0,0
1.559e+09,-0.59674,1.1363,-0.7401,0.049669,0.037723,0.046828,-0.23654,-0.90709,-0.34818,0.000581,0.006916,0.021719,-24.271,-41.077,1.1448,0,0,0,0,0,0,0
1.559e+09,-0.59948,1.137,-0.73655,0.034757,0.030389,0.038204,-0.23713,-0.90739,-0.347,0.002848,0.011992,0.027936,-24.309,-41.052,1.2178,0,0,0,0,0,0,0
1.559e+09,-0.60064,1.1369,-0.73473,0.004924,0.021029,0.035956,-0.23761,-0.90733,-0.34683,0.005507,0.013273,0.031845,-24.324,-41.043,1.2234,0,0,0,0,0,0,0
1.559e+09,-0.60213,1.137,-0.73289,-0.021716,0.011655,0.035844,-0.2381,-0.90736,-0.34643,0.003293,0.007683,0.025968,-24.364,-41.019,1.2435,0,0,0,0,0,0,0
1.559e+09,-0.60388,1.1364,-0.73134,-0.032488,-0.025277,0.04082,-0.23898,-0.90713,-0.34643,-0.00098,0.001608,0.018164,-24.398,-40.999,1.2461,0,0,0,0,0,0,0
1.559e+09,-0.60465,1.1352,-0.73102,-0.054792,-0.011423,0.037732,-0.23988,-0.90661,-0.34715,-0.003731,-0.003987,0.011764,-24.414,-40.989,1.2385,0,0,0,0,0,0,0
1.559e+09,-0.60614,1.1334,-0.72953,-0.078073,0.024617,0.02525,-0.24133,-0.90584,-0.34815,-0.010757,-0.003596,-0.000517,-24.459,-40.963,1.2167,0,0,0,0,0,0,0
1.559e+09,-0.60455,1.1312,-0.7308,-0.083367,0.023554,0.002817,-0.2419,-0.90492,-0.35015,-0.006747,0.002746,-0.009471,-24.526,-40.926,1.1089,0,0,0,0,0,0,0
1.559e+09,-0.60232,1.1298,-0.73333,-0.053702,-0.026306,-0.013651,-0.24183,-0.90433,-0.35173,-0.00205,0.005308,-0.011537,-24.526,-40.926,1.1089,0,0,0,0,0,0,0
1.559e+09,-0.59988,1.1283,-0.73645,-0.013342,-0.044461,0.003289,-0.24174,-0.90369,-0.35343,0.001348,0.0056,-0.01618,-24.525,-40.93,0.97966,0,0,0,0,0,0,0
1.559e+09,-0.59993,1.1276,-0.73659,-0.008904,0.0126,0.007042,-0.24213,-0.90336,-0.35398,-0.005301,-0.000261,-0.008522,-24.528,-40.929,0.92356,0,0,0,0,0,0,0
1.559e+09,-0.5986,1.1272,-0.73712,-0.018326,0.05385,-0.008585,-0.24186,-0.9032,-0.35459,-0.003545,0.002258,-0.004567,-24.528,-40.929,0.92356,0,0,0,0,0,0,0
1.559e+09,-0.59605,1.1266,-0.73862,-0.020519,0.041198,0.005171,-0.24126,-0.90294,-0.35566,0.005603,0.007051,-0.005197,-24.537,-40.926,0.85665,0,0,0,0,0,0,0
1.559e+09,-0.59481,1.1261,-0.73915,-0.005672,0.028449,0.013602,-0.24105,-0.90275,-0.35629,0.00312,0.005178,-0.001113,-24.532,-40.93,0.77725,0,0,0,0,0,0,0
1.559e+09,-0.59498,1.1262,-0.73851,0.02831,0.006081,0.018752,-0.24109,-0.90277,-0.35622,0.006652,0.002131,-0.003051,-24.537,-40.927,0.76566,0,0,0,0,0,0,0
1.559e+09,-0.59791,1.127,-0.73577,0.053771,-0.0226,0.014228,-0.2417,-0.90313,-0.35488,-0.007798,-0.000892,0.011463,-24.552,-40.917,0.80576,0,0,0,0,0,0,0
1.559e+09,-0.59982,1.1279,-0.73422,0.024017,-0.01507,-0.002806,-0.24191,-0.90352,-0.35374,-0.00276,-0.007751,0.012492,-24.563,-40.909,0.86876,0,0,0,0,0,0,0
1.559e+09,-0.59982,1.1282,-0.73415,-0.020563,0.022155,-0.005689,-0.24175,-0.90365,-0.35351,-0.000846,-0.011401,0.012792,-24.562,-40.909,0.89542,0,0,0,0,0,0,0
1.559e+09,-0.59765,1.1286,-0.73551,-0.043879,0.055053,-5.7e-05,-0.24078,-0.90382,-0.35373,0.009107,-0.035873,0.004595,-24.545,-40.92,0.87948,0,0,0,0,0,0,0
1.559e+09,-0.59576,1.1289,-0.73657,-0.00136,0.028378,-0.017362,-0.23997,-0.90394,-0.35398,0.003555,-0.0483,0.001964,-24.526,-40.932,0.84028,0,0,0,0,0,0,0
1.559e+09,-0.59643,1.1304,-0.73613,0.061269,-0.030102,-0.027481,-0.23945,-0.90458,-0.3527,-0.004771,-0.053852,0.001866,-24.504,-40.945,0.8571,0,0,0,0,0,0,0
1.559e+09,-0.59719,1.1316,-0.73621,0.027181,-0.041563,-0.03616,-0.23911,-0.90509,-0.35162,-0.001843,-0.098174,0.006544,-24.458,-40.97,0.96585,0,0,0,0,0,0,0
1.559e+09,-0.59629,1.1319,-0.73773,-0.020602,-0.004313,-0.033706,-0.23866,-0.9052,-0.35164,-0.004595,-0.13496,-0.004898,-24.429,-40.987,0.98598,0,0,0,0,0,0,0
1.559e+09,-0.5933,1.1318,-0.73962,-0.01702,0.11405,-0.033638,-0.23761,-0.9052,-0.35236,-0.002944,-0.1551,-0.003494,-24.415,-40.996,0.97503,0,0,0,0,0,0,0
1.559e+09,-0.58784,1.1329,-0.74152,0.051565,0.22459,-0.096584,-0.23514,-0.90565,-0.35284,-0.013941,-0.22173,-0.008837,-24.366,-41.027,0.87589,0,0,0,0,0,0,0
1.559e+09,-0.57873,1.1366,-0.74579,0.14135,0.27889,-0.22304,-0.23011,-0.9072,-0.3522,0.002786,-0.28027,-0.012607,-24.252,-41.096,0.82112,0,0,0,0,0,0,0
1.559e+09,-0.57046,1.1436,-0.74921,0.33067,0.2176,-0.2523,-0.22375,-0.91012,-0.34873,0.014199,-0.30841,-0.01968,-24.158,-41.151,0.81968,0,0,0,0,0,0,0
1.559e+09,-0.56859,1.1537,-0.74805,0.50389,0.11517,-0.27127,-0.21812,-0.91428,-0.34135,-0.013833,-0.34323,-0.013612,-23.855,-41.321,1.1051,0,0,0,0,0,0,0
1.559e+09,-0.56672,1.1682,-0.74809,0.65309,0.076037,-0.46904,-0.21037,-0.92003,-0.33059,-0.067108,-0.39145,-0.026601,-23.576,-41.467,1.5296,0,0,0,0,0,0,0
1.559e+09,-0.55764,1.1863,-0.75491,0.71758,0.17688,-0.6634,-0.19851,-0.92697,-0.3183,-0.09618,-0.39447,-0.019027,-23.372,-41.572,1.7846,0,0,0,0,0,0,0
1.559e+09,-0.53849,1.2075,-0.77117,0.77018,0.20374,-0.89692,-0.18223,-0.93474,-0.30505,-0.14312,-0.38003,-0.013344,-22.509,-42.005,2.5728,0,0,0,0,0,0,0
1.559e+09,-0.51057,1.231,-0.79812,0.80287,0.055411,-1.0147,-0.16289,-0.94281,-0.29082,-0.11438,-0.34479,-0.024828,-21.71,-42.384,3.1516,0,0,0,0,0,0,0
1.559e+09,-0.48544,1.2559,-0.82783,0.92102,-0.26547,-1.007,-0.14452,-0.95082,-0.27396,-0.078634,-0.3457,-0.050319,-21.279,-42.576,3.4931,0,0,0,0,0,0,0
1.559e+09,-0.46897,1.2826,-0.85228,1.0675,-0.34957,-0.88916,-0.12848,-0.95875,-0.25357,0.007919,-0.29717,-0.050902,-19.983,-43.066,4.8679,0,0,0,0,0,0,0
1.559e+09,-0.45783,1.309,-0.86838,1.0711,-0.1316,-0.72479,-0.11441,-0.96592,-0.23218,0.032163,-0.26272,-0.042752,-19.239,-43.274,5.9097,0,0,0,0,0,0,0
1.559e+09,-0.44541,1.3328,-0.88085,0.97702,0.099455,-0.63511,-0.10157,-0.97181,-0.21275,0.030538,-0.20636,-0.049566,-18.783,-43.373,6.607,0,0,0,0,0,0,0
1.559e+09,-0.43025,1.356,-0.89287,1.0199,0.1944,-0.61174,-0.088884,-0.97703,-0.19368,0.038286,-0.17043,-0.030043,-18.126,-43.487,7.6172,0,0,0,0,0,0,0
1.559e+09,-0.41329,1.3801,-0.9054,1.036,0.25774,-0.60792,-0.076137,-0.98187,-0.17361,0.029873,-0.12768,-0.025118,-17.632,-43.537,8.4444,0,0,0,0,0,0,0
1.559e+09,-0.38632,1.402,-0.9259,0.86927,0.36113,-0.61668,-0.063299,-0.98579,-0.15562,-0.028772,-0.12476,-0.04865,-17.282,-43.562,9.0206,0,0,0,0,0,0,0
1.559e+09,-0.32738,1.422,-0.97822,0.75999,0.37513,-0.82589,-0.047679,-0.98895,-0.1404,-0.076634,-0.10342,-0.037292,-16.927,-43.6,9.4979,0,0,0,0,0,0,0
1.559e+09,-0.21774,1.4402,-1.0808,0.62727,0.40625,-0.98264,-0.028127,-0.99149,-0.12713,-0.061702,-0.094923,-0.052606,-15.94,-43.794,10.281,0,0,0,0,0,0,0
1.559e+09,-0.056934,1.4535,-1.2346,0.48802,0.43435,-1.0572,-0.006659,-0.99313,-0.11683,-0.10095,-0.056354,-0.067727,-15.343,-43.938,10.569,0,0,0,0,0,0,0
1.559e+09,0.13751,1.4618,-1.4223,0.44833,0.36382,-1.0045,0.014906,-0.99407,-0.10771,-0.06233,-0.061075,-0.086304,-14.715,-44.098,10.795,0,0,0,0,0,0,0
1.559e+09,0.31926,1.467,-1.5986,0.46158,0.29964,-0.75425,0.032534,-0.99461,-0.098418,-0.055162,-0.045166,-0.10579,-13.559,-44.354,11.248,0,0,0,0,0,0,0
1.559e+09,0.46105,1.4702,-1.7335,0.3743,0.42099,-0.49265,0.044674,-0.99495,-0.08993,-0.064938,-0.003864,-0.087911,-13.168,-44.414,11.477,0,0,0,0,0,0,0
1.559e+09,0.58047,1.4718,-1.8461,0.35047,0.31972,-0.4456,0.054195,-0.99511,-0.082634,-0.096858,0.043003,-0.087212,-12.908,-44.445,11.648,0,0,0,0,0,0,0
1.559e+09,0.69046,1.4715,-1.9537,0.3794,0.013951,-0.53604,0.063126,-0.99508,-0.076414,-0.094986,0.057851,-0.096942,-12.44,-44.496,11.961,0,0,0,0,0,0,0
1.559e+09,0.84277,1.4706,-2.1126,0.61961,-0.4684,-0.63762,0.074686,-0.99498,-0.066572,-0.10696,0.064028,-0.10578,-12.044,-44.522,12.264,0,0,0,0,0,0,0
1.559e+09,1.0352,1.4693,-2.3206,0.92388,-0.86751,-0.68604,0.087163,-0.99485,-0.051726,-0.10122,0.061592,-0.11814,-11.715,-44.524,12.572,0,0,0,0,0,0,0
1.559e+09,1.2584,1.4652,-2.5667,1.1676,-1.2187,-0.72017,0.10032,-0.99443,-0.032402,-0.07465,0.061841,-0.10516,-10.246,-44.361,14.312,0,0,0,0,0,0,0
1.559e+09,1.4909,1.4543,-2.8294,1.3967,-1.5542,-0.89295,0.1159,-0.99322,-0.009275,-0.14851,0.093834,-0.04764,-9.4586,-44.197,15.323,0,0,0,0,0,0,0
1.559e+09,1.6774,1.4325,-3.0519,1.391,-1.7871,-1.1674,0.13703,-0.99046,0.014657,-0.20767,0.10697,-0.024087,-8.8399,-44.061,16.067,0,0,0,0,0,0,0
1.559e+09,1.7607,1.4037,3.1106,0.89315,-1.7594,-1.317,0.16336,-0.98607,0.031394,-0.18176,0.14828,0.04017,-6.0017,-43.557,18.56,0,0,0,0,0,0,0
1.559e+09,1.7518,1.3778,3.0888,0.17789,-1.3336,-1.147,0.18867,-0.98143,0.034521,-0.17831,0.20711,0.02328,-4.6822,-43.462,19.153,0,0,0,0,0,0,0
1.559e+09,1.711,1.3615,3.1099,-0.19702,-0.85525,-0.66547,0.20576,-0.97817,0.029044,-0.1412,0.20495,-0.031058,-3.8965,-43.464,19.324,0,0,0,0,0,0,0
1.559e+09,1.6687,1.3517,3.1376,-0.22136,-0.72482,-0.47206,0.21626,-0.9761,0.021237,-0.13464,0.21367,-0.062664,-2.3854,-43.611,19.238,0,0,0,0,0,0,0
1.559e+09,1.6352,1.3424,-3.1258,-0.16489,-0.72199,-0.50082,0.22594,-0.97403,0.014572,-0.15584,0.22135,-0.056427,-1.8647,-43.689,19.117,0,0,0,0,0,0,0
1.559e+09,1.6062,1.3325,-3.1116,-0.12472,-0.80465,-0.50051,0.23593,-0.97174,0.00836,-0.13696,0.26104,-0.029479,-1.1606,-43.768,18.991,0,0,0,0,0,0,0
1.559e+09,1.5762,1.3225,-3.0995,-0.14652,-0.96309,-0.50418,0.24574,-0.96934,0.001331,-0.124,0.27405,-0.019535,-0.22718,-43.839,18.861,0,0,0,0,0,0,0
1.559e+09,1.5461,1.3125,-3.0894,-0.11165,-1.0351,-0.49416,0.25535,-0.96683,-0.006313,-0.13204,0.28804,-0.024464,0.37525,-43.88,18.765,0,0,0,0,0,0,0
1.559e+09,1.5206,1.3028,-3.0843,-0.064846,-1.0375,-0.47493,0.26447,-0.9643,-0.013292,-0.090577,0.3,-0.060805,1.5989,-43.926,18.592,0,0,0,0,0,0,0
1.559e+09,1.5019,1.2933,-3.0862,0.040602,-1.0222,-0.48431,0.27333,-0.96174,-0.018869,-0.070339,0.26716,-0.0698,2.1987,-43.924,18.535,0,0,0,0,0,0,0
1.559e+09,1.4955,1.2835,-3.0987,0.19465,-0.80423,-0.51306,0.28256,-0.95901,-0.021302,-0.068526,0.24589,-0.059432,2.7999,-43.894,18.525,0,0,0,0,0,0,0
1.559e+09,1.5002,1.2726,-3.1164,0.21808,-0.51168,-0.59032,0.29303,-0.95588,-0.02072,-0.024615,0.27099,-0.008196,3.9208,-43.737,18.693,0,0,0,0,0,0,0
1.559e+09,1.5087,1.2619,-3.1328,0.18992,-0.29577,-0.505,0.30341,-0.95267,-0.018862,-0.003587,0.28429,0.011141,4.5749,-43.607,18.847,0,0,0,0,0,0,0
1.559e+09,1.514,1.2546,3.1392,0.11837,-0.26866,-0.2934,0.31046,-0.95042,-0.017666,0.013604,0.28203,0.028699,4.8387,-43.55,18.913,0,0,0,0,0,0,0
1.559e+09,1.5102,1.2512,3.1368,-0.027888,-0.31306,-0.1071,0.31361,-0.94936,-0.019013,0.047079,0.25649,0.043579,5.3527,-43.455,18.992,0,0,0,0,0,0,0
1.559e+09,1.4991,1.25,-3.1398,-0.14576,-0.19395,-0.035593,0.31455,-0.94897,-0.022594,0.042794,0.24725,0.030544,5.5199,-43.477,18.894,0,0,0,0,0,0,0
1.559e+09,1.488,1.2495,-3.1314,-0.10307,-0.14445,-0.003056,0.31473,-0.94882,-0.026105,0.041227,0.23509,0.028516,5.5672,-43.503,18.819,0,0,0,0,0,0,0
1.559e+09,1.4846,1.2495,-3.1307,0.039622,-0.12934,-0.002797,0.31467,-0.94881,-0.027181,0.033505,0.21628,0.045202,5.6545,-43.546,18.693,0,0,0,0,0,0,0
1.559e+09,1.4853,1.249,-3.1339,0.034386,-0.12092,-0.042223,0.3151,-0.94867,-0.027005,0.042517,0.21898,0.060452,5.713,-43.526,18.723,0,0,0,0,0,0,0
1.559e+09,1.4823,1.248,-3.1337,-0.034923,-0.16073,-0.051201,0.316,-0.94834,-0.02804,0.046472,0.21749,0.069895,5.7809,-43.517,18.724,0,0,0,0,0,0,0
1.559e+09,1.472,1.247,-3.128,-0.13647,-0.27961,-0.031068,0.31657,-0.94805,-0.031372,0.022174,0.21238,0.073364,5.9215,-43.538,18.631,0,0,0,0,0,0,0
1.559e+09,1.4546,1.2458,-3.1149,-0.26288,-0.20498,-0.044334,0.31714,-0.94766,-0.03703,-0.014239,0.22292,0.06358,6.054,-43.601,18.439,0,0,0,0,0,0,0
1.559e+09,1.4346,1.2444,-3.0943,-0.37902,0.094802,-0.021272,0.31768,-0.9472,-0.04354,-0.007578,0.22018,0.033439,6.116,-43.678,18.235,0,0,0,0,0,0,0
1.559e+09,1.4162,1.2429,-3.0696,-0.39849,0.33276,-0.005131,0.31817,-0.94674,-0.049585,0.018549,0.2013,0.0095,6.066,-43.85,17.834,0,0,0,0,0,0,0
1.559e+09,1.405,1.242,-3.0494,-0.2737,0.41775,0.017135,0.31848,-0.94643,-0.05329,0.039097,0.19646,-0.00422,5.9713,-43.95,17.62,0,0,0,0,0,0,0
1.559e+09,1.4039,1.2425,-3.0392,-0.082183,0.41683,0.077068,0.31799,-0.94658,-0.053565,0.040557,0.20435,-0.005212,5.8505,-44.023,17.477,0,0,0,0,0,0,0
1.559e+09,1.4133,1.2453,-3.0417,0.1313,0.30377,0.15839,0.31587,-0.94748,-0.050179,0.020241,0.20421,0.010597,5.5236,-44.063,17.481,0,0,0,0,0,0,0
1.559e+09,1.4241,1.249,-3.0489,0.1276,0.15477,0.16977,0.31289,-0.94866,-0.046226,0.016985,0.17683,0.017723,5.3476,-44.039,17.597,0,0,0,0,0,0,0
1.559e+09,1.4311,1.2529,-3.0527,0.061717,0.2006,0.19472,0.30956,-0.94988,-0.04352,0.00088,0.17877,0.018358,5.1931,-44.019,17.693,0,0,0,0,0,0,0
1.559e+09,1.4369,1.257,-3.0523,-0.005859,0.37327,0.20592,0.30587,-0.95118,-0.041191,-0.08799,0.23243,0.002952,4.8084,-44.019,17.801,0,0,0,0,0,0,0
1.559e+09,1.441,1.2609,-3.0452,-0.15723,0.62667,0.19435,0.30238,-0.95237,-0.039466,-0.091767,0.18722,0.00016,4.552,-44.041,17.814,0,0,0,0,0,0,0
1.559e+09,1.4342,1.2632,-3.0238,-0.36981,0.69959,0.14256,0.29998,-0.95305,-0.041242,-0.056773,0.14502,-0.013187,4.2589,-44.097,17.749,0,0,0,0,0,0,0
1.559e+09,1.429,1.2657,-3.0034,-0.19848,0.70404,0.19078,0.29733,-0.95383,-0.042441,-0.099189,0.19701,-0.069421,3.6822,-44.287,17.402,0,0,0,0,0,0,0
1.559e+09,1.4408,1.2703,-2.9995,0.059536,0.8624,0.26084,0.29349,-0.95519,-0.038363,-0.13332,0.20895,0.032061,3.2346,-44.333,17.372,0,0,0,0,0,0,0
1.559e+09,1.4546,1.2743,-2.9943,-0.19238,0.92381,0.14805,0.29022,-0.95636,-0.033884,-0.063685,0.15962,0.027842,2.8293,-44.334,17.441,0,0,0,0,0,0,0
1.559e+09,1.4468,1.2759,-2.9667,-0.4669,0.95801,0.14602,0.28844,-0.95682,-0.035946,-0.059723,0.20966,0.008984,2.4859,-44.389,17.352,0,0,0,0,0,0,0
1.559e+09,1.4335,1.2791,-2.9322,-0.44556,1.0353,0.28344,0.2849,-0.95775,-0.039377,-0.11465,0.37387,-0.059165,1.7757,-44.631,16.81,0,0,0,0,0,0,0
1.559e+09,1.4297,1.2862,-2.9029,-0.31812,1.3636,0.49488,0.278,-0.95977,-0.039482,-0.13176,0.4143,-0.053337,1.2782,-44.742,16.559,0,0,0,0,0,0,0
1.559e+09,1.4324,1.297,-2.8728,-0.40797,1.601,0.5953,0.26777,-0.96276,-0.037302,0.13012,0.2118,-0.079946,0.070212,-44.882,16.226,0,0,0,0,0,0,0
1.559e+09,1.4217,1.3072,-2.8323,-0.43894,1.2535,0.60583,0.25763,-0.96547,-0.038701,0.13063,0.25256,-0.13154,-0.932,-45.021,15.808,0,0,0,0,0,0,0
1.559e+09,1.4095,1.322,-2.8003,-0.17595,0.77797,0.941,0.24303,-0.96921,-0.039542,0.089169,0.28394,-0.13018,-1.4035,-45.079,15.607,0,0,0,0,0,0,0
1.559e+09,1.4074,1.3459,-2.7858,0.14313,0.56128,1.3513,0.22006,-0.97481,-0.036272,-0.077757,0.26752,-0.07089,-3.0984,-45.073,15.378,0,0,0,0,0,0,0
1.559e+09,1.4222,1.3752,-2.7875,0.23174,0.66236,1.4014,0.19217,-0.98094,-0.02876,-0.034374,0.18547,-0.065357,-4.5852,-44.894,15.531,0,0,0,0,0,0,0
1.559e+09,1.4268,1.398,-2.7774,-0.042921,0.78685,0.98069,0.17011,-0.98511,-0.024671,-0.07809,0.19024,-0.040896,-5.2936,-44.795,15.59,0,0,0,0,0,0,0
1.559e+09,1.3943,1.4129,-2.7291,-0.36639,0.73115,0.7653,0.15485,-0.98755,-0.027612,-0.096801,0.17485,-0.093116,-6.9158,-44.669,15.313,0,0,0,0,0,0,0
1.559e+09,1.3523,1.431,-2.673,-0.087333,0.61605,1.1178,0.13599,-0.99025,-0.03019,-0.11803,0.13567,-0.12089,-7.9176,-44.629,14.943,0,0,0,0,0,0,0
1.559e+09,1.3376,1.455,-2.6467,0.1508,0.55678,1.1986,0.11241,-0.9933,-0.026699,-0.089862,0.071092,-0.099384,-8.5196,-44.539,14.878,0,0,0,0,0,0,0
1.559e+09,1.2985,1.4754,-2.5962,-0.12769,0.5695,0.95185,0.091694,-0.99546,-0.025607,-0.052067,0.027776,-0.054059,-10.301,-44.175,14.836,0,0,0,0,0,0,0
1.559e+09,1.1657,1.4914,-2.4518,-0.41003,0.53307,1.0431,0.072933,-0.99685,-0.031271,-0.10463,0.062215,-0.072169,-11.291,-44.05,14.486,0,0,0,0,0,0,0
1.559e+09,0.90731,1.5088,-2.1829,-0.33088,0.44531,1.3039,0.048797,-0.99808,-0.038144,-0.099334,-0.016629,-0.064364,-11.844,-43.983,14.243,0,0,0,0,0,0,0
1.559e+09,0.50425,1.5221,-1.7705,-0.21034,0.49639,1.2479,0.023538,-0.99881,-0.042654,-0.14262,-0.081174,-0.022318,-13.711,-43.622,13.668,0,0,0,0,0,0,0
1.559e+09,0.03445,1.5203,-1.288,-0.57356,0.65655,1.0463,0.001738,-0.99873,-0.05042,-0.083006,-0.088294,0.003514,-14.881,-43.37,13.24,0,0,0,0,0,0,0
1.559e+09,-0.23781,1.4998,-1.0016,-1.0971,0.67817,0.94037,-0.016714,-0.99748,-0.068953,-0.06193,-0.09772,0.029402,-15.411,-43.299,12.858,0,0,0,0,0,0,0
1.559e+09,-0.36164,1.4732,-0.86814,-1.0057,0.28973,0.91644,-0.034492,-0.99524,-0.091182,-0.12045,-0.16198,-0.072957,-16.853,-43.226,11.189,0,0,0,0,0,0,0
1.559e+09,-0.4492,1.4541,-0.77874,-0.5242,-0.022814,0.70991,-0.050545,-0.9932,-0.10485,-0.15238,-0.21148,-0.064798,-17.631,-43.102,10.444,0,0,0,0,0,0,0
1.559e+09,-0.46813,1.4394,-0.75706,-0.76418,0.30237,0.31994,-0.059106,-0.99138,-0.1169,-0.15076,-0.18913,-0.021069,-17.91,-43.038,10.228,0,0,0,0,0,0,0
1.559e+09,-0.41371,1.4142,-0.79994,-1.5748,0.75156,0.27555,-0.06271,-0.98776,-0.14283,0.002102,-0.17771,0.043298,-18.435,-43.12,8.8615,0,0,0,0,0,0,0
1.559e+09,-0.37089,1.3762,-0.82802,-1.9408,0.69066,0.67183,-0.070084,-0.98113,-0.18022,0.001023,-0.13095,-0.008855,-18.903,-43.25,7.0558,0,0,0,0,0,0,0
1.559e+09,-0.37445,1.3337,-0.81381,-1.8944,0.38649,1.0085,-0.085923,-0.97202,-0.21864,0.004715,-0.17598,0.004481,-19.263,-43.238,6.0888,0,0,0,0,0,0,0
1.559e+09,-0.38805,1.2921,-0.79647,-1.8443,0.041516,0.92193,-0.10408,-0.96143,-0.25461,-0.007252,-0.30656,-0.029849,-20.576,-42.923,3.4553,0,0,0,0,0,0,0
1.559e+09,-0.3907,1.2518,-0.79755,-1.8653,-0.30863,0.66126,-0.11942,-0.94956,-0.28995,0.022621,-0.37234,-0.054179,-21.269,-42.681,1.8986,0,0,0,0,0,0,0
1.559e+09,-0.3966,1.2165,-0.7993,-1.4451,-0.40493,0.65427,-0.134,-0.93791,-0.31996,0.005534,-0.3901,-0.064513,-21.543,-42.57,1.1863,0,0,0,0,0,0,0
1.559e+09,-0.41397,1.1929,-0.79006,-0.76812,-0.45405,0.5764,-0.1484,-0.92946,-0.33777,-0.026875,-0.35953,-0.094203,-19.759,-43.52,3.8355,0,0,0,0,0,0,0
1.559e+09,-0.4338,1.1795,-0.77854,-0.45815,-0.46437,0.41747,-0.16031,-0.92441,-0.34607,-0.014465,-0.3099,-0.035326,-20.171,-43.359,3.4951,0,0,0,0,0,0,0
1.559e+09,-0.44604,1.1668,-0.77472,-0.61215,-0.40876,0.30685,-0.16958,-0.9195,-0.35463,0.043431,-0.31979,-0.005711,-20.328,-43.295,3.386,0,0,0,0,0,0,0
1.559e+09,-0.45397,1.1528,-0.77414,-0.58538,-0.34862,0.332,-0.17802,-0.9139,-0.36482,0.021445,-0.3039,-0.000646,-20.575,-43.202,3.0524,0,0,0,0,0,0,0
1.559e+09,-0.46572,1.1415,-0.76924,-0.39171,-0.3623,0.34484,-0.18693,-0.90924,-0.37194,-0.009492,-0.22873,0.004398,-20.972,-43.043,2.5627,0,0,0,0,0,0,0
1.559e+09,-0.47907,1.1328,-0.76116,-0.27002,-0.2583,0.34486,-0.1955,-0.90561,-0.37637,-0.015347,-0.19611,0.012068,-20.972,-43.043,2.5627,0,0,0,0,0,0,0
1.559e+09,-0.49142,1.1259,-0.75154,-0.16219,-0.16055,0.34909,-0.20309,-0.90265,-0.37945,-0.023428,-0.153,0.014569,-21.539,-42.777,2.295,0,0,0,0,0,0,0
1.559e+09,-0.50697,1.1218,-0.73878,0.020666,-0.23658,0.34103,-0.21075,-0.90088,-0.37947,-0.033621,-0.141,0.023065,-21.822,-42.633,2.2951,0,0,0,0,0,0,0
1.559e+09,-0.52681,1.1191,-0.72308,0.039575,-0.29581,0.37892,-0.21948,-0.89969,-0.37734,-0.033102,-0.12558,0.022575,-21.822,-42.633,2.2951,0,0,0,0,0,0,0
1.559e+09,-0.55109,1.1171,-0.70266,-0.13788,-0.18276,0.42897,-0.22949,-0.89884,-0.3734,-0.04155,-0.10009,0.031432,-22.452,-42.278,2.7575,0,0,0,0,0,0,0
1.559e+09,-0.56098,1.1079,-0.69254,-0.33721,0.059282,0.42685,-0.23756,-0.89477,-0.3781,-0.051058,-0.10905,0.027266,-22.721,-42.139,2.6776,0,0,0,0,0,0,0
1.559e+09,-0.56381,1.0978,-0.68573,-0.3229,0.18069,0.37998,-0.24345,-0.89021,-0.38504,-0.034839,-0.14415,0.013641,-22.992,-42.006,2.449,0,0,0,0,0,0,0
1.559e+09,-0.56771,1.0903,-0.67923,-0.17957,0.023365,0.28784,-0.24852,-0.88678,-0.38969,0.082886,-0.29263,-0.025444,-23.323,-41.842,2.0939,0,0,0,0,0,0,0
1.559e+09,-0.57485,1.0869,-0.67444,-0.015153,-0.23674,0.10185,-0.25296,-0.88518,-0.39047,0.048477,-0.18355,-0.047636,-23.653,-41.665,1.9044,0,0,0,0,0,0,0
1.559e+09,-0.59013,1.0874,-0.66404,0.29901,-0.21415,0.056419,-0.25862,-0.88544,-0.38616,-0.04762,-0.060532,-0.035247,-23.653,-41.665,1.9044,0,0,0,0,0,0,0
1.559e+09,-0.60315,1.0951,-0.6532,0.5197,-0.18172,-0.089338,-0.25977,-0.88898,-0.37715,-0.036344,0.030028,0.019331,-23.82,-41.536,2.5354,0,0,0,0,0,0,0
1.559e+09,-0.61249,1.1062,-0.64865,0.49191,-0.31295,-0.29667,-0.2576,-0.89399,-0.36663,-0.023371,0.093457,0.045764,-23.658,-41.592,3.0781,0,0,0,0,0,0,0
1.559e+09,-0.62072,1.1167,-0.64841,0.39558,-0.46039,-0.2704,-0.25514,-0.89865,-0.35684,-0.014774,0.11235,0.037353,-23.52,-41.649,3.355,0,0,0,0,0,0,0
1.559e+09,-0.6339,1.1248,-0.64573,0.34189,-0.54873,-0.15705,-0.25548,-0.90219,-0.34754,0.00432,0.12474,0.03419,-25.695,-39.472,-0.75406,0,0,0,0,0,0,0
1.559e+09,-0.6479,1.1294,-0.64098,0.19197,-0.43994,-0.031215,-0.25783,-0.90415,-0.34064,0.005049,0.08358,0.016649,-25.627,-39.521,-0.36891,0,0,0,0,0,0,0
1.559e+09,-0.65762,1.13,-0.63706,-0.021313,-0.19877,0.044592,-0.26079,-0.90441,-0.33768,0.011369,0.075295,0.029957,-25.652,-39.507,-0.019055,0,0,0,0,0,0,0
1.559e+09,-0.65718,1.1259,-0.63859,-0.28143,0.044775,0.12359,-0.26292,-0.90265,-0.34074,0.08416,-0.062533,0.014875,-25.679,-39.49,0.044759,0,0,0,0,0,0,0
1.559e+09,-0.64743,1.1178,-0.64703,-0.49722,0.10606,0.057805,-0.26395,-0.89916,-0.34906,0.12915,-0.14705,-0.03442,-25.791,-39.416,-0.25334,0,0,0,0,0,0,0
1.559e+09,-0.63496,1.1102,-0.65616,-0.34223,0.33473,0.13272,-0.26366,-0.89578,-0.35787,0.019806,-0.004081,-0.034982,-25.833,-39.383,-0.69661,0,0,0,0,0,0,0
1.559e+09,-0.63018,1.0986,-0.65242,-0.22285,0.42619,0.22232,-0.26803,-0.89057,-0.36748,-0.007557,0.016976,-0.003982,-26.108,-39.185,-1.326,0,0,0,0,0,0,0
1.559e+09,-0.62165,1.0934,-0.65445,-0.25182,0.27599,0.045763,-0.26757,-0.88821,-0.37349,-0.045142,-0.000498,0.023107,-26.255,-39.07,-1.7338,0,0,0,0,0,0,0
1.559e+09,-0.61035,1.0894,-0.66412,-0.30446,0.048743,-0.13048,-0.26536,-0.88637,-0.37938,-0.048638,-0.008495,0.019473,-26.259,-39.06,-1.901,0,0,0,0,0,0,0
1.559e+09,-0.60274,1.0858,-0.67454,-0.26227,-0.10275,-0.20769,-0.26429,-0.88468,-0.38405,-0.031543,-0.023282,-0.011272,-26.102,-39.145,-2.2739,0,0,0,0,0,0,0
1.559e+09,-0.59378,1.0848,-0.68774,-0.18677,-0.13488,-0.22182,-0.26136,-0.88419,-0.38717,0.002585,-0.027937,-0.013094,-26.005,-39.203,-2.3808,0,0,0,0,0,0,0
1.559e+09,-0.5873,1.0844,-0.69708,-0.10147,-0.048516,-0.13231,-0.25903,-0.88401,-0.38913,0.009531,-0.029408,-0.015606,-25.924,-39.255,-2.4171,0,0,0,0,0,0,0
1.559e+09,-0.58348,1.0844,-0.70073,-0.005537,0.039934,-0.021419,-0.25752,-0.88403,-0.39009,0.009198,-0.041459,-0.004976,-25.78,-39.344,-2.5061,0,0,0,0,0,0,0
1.559e+09,-0.58561,1.0864,-0.69882,0.073864,-0.063975,0.042772,-0.25737,-0.88497,-0.38805,0.00828,-0.01209,0.009268,-25.788,-39.34,-2.4841,0,0,0,0,0,0,0
1.559e+09,-0.59087,1.0871,-0.69554,0.060858,-0.13685,0.037794,-0.25906,-0.8853,-0.38618,-0.003074,-0.005617,0.007002,-25.788,-39.34,-2.4841,0,0,0,0,0,0,0
1.559e+09,-0.59652,1.0869,-0.69248,-0.020881,-0.094223,-0.018445,-0.26137,-0.88517,-0.38491,-0.016845,-0.001927,0.003164,-25.809,-39.339,-2.2724,0,0,0,0,0,0,0
1.559e+09,-0.59422,1.0861,-0.69587,-0.096097,0.001255,-0.050688,-0.26086,-0.88482,-0.38607,-0.005898,-0.014304,-0.006405,-25.837,-39.323,-2.2225,0,0,0,0,0,0,0
1.559e+09,-0.59099,1.0854,-0.69914,-0.04501,0.004175,-0.038875,-0.25997,-0.88448,-0.38744,-0.002587,-0.020306,-0.012201,-25.837,-39.323,-2.2225,0,0,0,0,0,0,0
1.559e+09,-0.58786,1.0864,-0.70305,0.030299,-0.080793,-0.047106,-0.25824,-0.88497,-0.38748,4.7e-05,-0.008937,-0.005401,-25.726,-39.391,-2.3158,0,0,0,0,0,0,0
1.559e+09,-0.58995,1.088,-0.70396,0.070496,-0.1762,-0.08749,-0.25827,-0.88571,-0.38577,-0.003012,-0.002322,-0.003481,-25.692,-39.417,-2.2538,0,0,0,0,0,0,0
1.559e+09,-0.59107,1.0909,-0.70719,0.1012,-0.24088,-0.12012,-0.2573,-0.88702,-0.38339,0.01334,0.012801,-0.001222,-25.651,-39.449,-2.1477,0,0,0,0,0,0,0
1.559e+09,-0.58909,1.0946,-0.71443,0.153,-0.3373,-0.095384,-0.25467,-0.88876,-0.38111,0.051529,0.02803,-0.013591,-25.398,-39.624,-1.9338,0,0,0,0,0,0,0
1.559e+09,-0.59988,1.0985,-0.71104,0.24096,-0.41797,-0.009606,-0.25681,-0.89055,-0.37547,0.0484,0.029891,-0.025579,-25.358,-39.664,-1.6014,0,0,0,0,0,0,0
1.559e+09,-0.61672,1.103,-0.70247,0.312,-0.47851,0.046457,-0.26082,-0.89254,-0.36789,0.043703,0.026424,-0.03252,-25.365,-39.668,-1.3929,0,0,0,0,0,0,0
1.559e+09,-0.63084,1.1069,-0.69611,0.28563,-0.41605,0.017137,-0.2639,-0.89432,-0.36131,0.004621,0.017295,-0.019248,-25.399,-39.663,-0.7371,0,0,0,0,0,0,0
1.559e+09,-0.64268,1.1111,-0.69013,0.22338,-0.26993,-0.032762,-0.26592,-0.89618,-0.35517,0.000644,0.017048,-0.020825,-25.404,-39.665,-0.43172,0,0,0,0,0,0,0
1.559e+09,-0.64988,1.1148,-0.68661,0.1801,-0.17144,-0.057477,-0.26645,-0.89783,-0.35058,-0.001402,0.005646,-0.019959,-25.386,-39.678,-0.1949,0,0,0,0,0,0,0
1.559e+09,-0.65304,1.1173,-0.6859,0.15041,-0.13005,-0.0507,-0.26622,-0.8989,-0.348,0.005207,0.009496,-0.018213,-25.316,-39.723,0.092854,0,0,0,0,0,0,0
1.559e+09,-0.65744,1.1201,-0.68324,0.1484,-0.084555,-0.028913,-0.26621,-0.90012,-0.34483,0.011222,0.010964,-0.020512,-25.287,-39.741,0.22518,0,0,0,0,0,0,0
1.559e+09,-0.66293,1.1225,-0.67864,0.1729,-0.058189,0.018336,-0.26672,-0.90121,-0.34159,0.014689,0.012246,-0.023092,-25.27,-39.751,0.34546,0,0,0,0,0,0,0
1.559e+09,-0.66849,1.125,-0.67328,0.22184,-0.055246,0.037619,-0.26724,-0.90227,-0.33837,0.008864,0.006166,-0.01286,-25.294,-39.733,0.60611,0,0,0,0,0,0,0
1.559e+09,-0.67688,1.1283,-0.66528,0.23994,-0.060642,0.026906,-0.26822,-0.90368,-0.33381,0.002394,0.006721,-0.005307,-25.301,-39.726,0.72576,0,0,0,0,0,0,0
1.559e+09,-0.6853,1.1319,-0.65747,0.24843,-0.073392,0.012911,-0.26896,-0.90521,-0.32901,0.005407,0.008912,-0.006542,-25.316,-39.713,0.89153,0,0,0,0,0,0,0
1.559e+09,-0.69338,1.1366,-0.65009,0.28029,-0.089384,0.033065,-0.26886,-0.90722,-0.32353,0.012729,0.000585,0.003461,-25.316,-39.704,1.2511,0,0,0,0,0,0,0
1.559e+09,-0.70617,1.1417,-0.63863,0.33333,-0.13721,0.046527,-0.26997,-0.90936,-0.31653,0.009207,-0.006628,0.008254,-25.313,-39.698,1.4709,0,0,0,0,0,0,0
1.559e+09,-0.7204,1.1462,-0.62614,0.33863,-0.14251,0.051819,-0.27173,-0.91122,-0.30957,0.005787,-0.00203,0.010803,-25.316,-39.685,1.7475,0,0,0,0,0,0,0
1.559e+09,-0.73542,1.1512,-0.61303,0.34492,-0.16472,0.066557,-0.27329,-0.91327,-0.30207,0.012655,0.005451,0.010322,-25.37,-39.624,2.2634,0,0,0,0,0,0,0
1.559e+09,-0.75219,1.1548,-0.59817,0.32255,-0.14126,0.12869,-0.27609,-0.91472,-0.29507,0.014205,0.003799,0.011451,-25.411,-39.575,2.6358,0,0,0,0,0,0,0
1.559e+09,-0.76929,1.1569,-0.58176,0.29708,-0.093473,0.18571,-0.27977,-0.91556,-0.28893,0.023253,0.001956,0.010866,-25.411,-39.575,2.6358,0,0,0,0,0,0,0
1.559e+09,-0.78668,1.1589,-0.56445,0.25981,-0.070995,0.24248,-0.28347,-0.91635,-0.28274,0.016396,0.003205,0.020581,-25.563,-39.442,3.1068,0,0,0,0,0,0,0
1.559e+09,-0.80761,1.1587,-0.54382,0.19929,-0.043257,0.20213,-0.28942,-0.91629,-0.27684,-0.027308,0.00565,0.031189,-25.831,-39.238,3.458,0,0,0,0,0,0,0
1.559e+09,-0.81685,1.1587,-0.53411,0.10059,-0.003792,0.092459,-0.29197,-0.91629,-0.27416,-0.032864,0.002735,0.028734,-25.953,-39.143,3.617,0,0,0,0,0,0,0
1.559e+09,-0.81978,1.1587,-0.53089,0.018735,0.000772,0.029445,-0.29279,-0.91628,-0.27332,-0.010475,-0.005413,0.028282,-26.053,-39.066,3.7286,0,0,0,0,0,0,0
1.559e+09,-0.82213,1.1588,-0.52839,-0.018425,0.025264,0.020042,-0.29339,-0.9163,-0.2726,-0.0013,-0.00461,0.017377,-26.079,-39.045,3.7709,0,0,0,0,0,0,0
1.559e+09,-0.82,1.1581,-0.52945,-0.055478,0.081462,0.007738,-0.29328,-0.91603,-0.27365,-0.001828,-0.002431,0.017716,-26.087,-39.041,3.7541,0,0,0,0,0,0,0
1.559e+09,-0.81727,1.1572,-0.53043,-0.083083,0.11017,0.024006,-0.29312,-0.91567,-0.27501,-0.007627,-0.007459,0.011828,-26.111,-39.035,3.6509,0,0,0,0,0,0,0
1.559e+09,-0.81513,1.156,-0.53114,-0.072534,0.069913,0.001209,-0.29329,-0.91521,-0.27635,-0.010557,-0.007366,0.011764,-26.134,-39.03,3.5363,0,0,0,0,0,0,0
1.559e+09,-0.81359,1.1552,-0.53235,-0.060933,0.022239,-0.030197,-0.2934,-0.91488,-0.27731,-0.017311,-0.00545,0.009077,-26.147,-39.022,3.5223,0,0,0,0,0,0,0
1.559e+09,-0.81298,1.1545,-0.53318,-0.054497,0.021095,-0.053665,-0.29371,-0.91459,-0.27794,-0.007025,-0.001651,0.000812,-26.172,-39.01,3.4809,0,0,0,0,0,0,0
1.559e+09,-0.80892,1.1546,-0.53665,-0.049039,0.063351,-0.05112,-0.29255,-0.91461,-0.2791,-0.003412,-0.003431,0.000705,-26.15,-39.028,3.4416,0,0,0,0,0,0,0
1.559e+09,-0.80435,1.1554,-0.53984,-0.027734,0.07595,-0.032835,-0.29074,-0.91494,-0.27993,0.006942,-0.002695,0.004169,-26.104,-39.064,3.3791,0,0,0,0,0,0,0
1.559e+09,-0.80269,1.1559,-0.54054,-0.014999,0.055774,-0.0501,-0.28995,-0.91514,-0.28009,-0.005129,0.007837,0.011611,-26.064,-39.095,3.3252,0,0,0,0,0,0,0
1.559e+09,-0.8003,1.1563,-0.54244,-0.03948,0.042114,-0.08121,-0.28896,-0.91533,-0.28047,-0.007107,0.008092,0.006502,-26.036,-39.115,3.311,0,0,0,0,0,0,0
1.559e+09,-0.79399,1.1573,-0.54804,-0.057488,0.063332,-0.092767,-0.28653,-0.91574,-0.28165,0.013244,0.002026,0.002551,-25.996,-39.144,3.2789,0,0,0,0,0,0,0
1.559e+09,-0.78617,1.1587,-0.55477,-0.018225,0.046279,-0.049131,-0.28344,-0.91628,-0.283,0.030385,0.008584,-0.001701,-25.878,-39.23,3.1809,0,0,0,0,0,0,0
