1.559e+09,1.105,1.387,-2.6481,-0.010953,0.041281,0.006048,0.16333,-0.98315,-0.082103,0.01006,0.007121,-0.005086,4.7564,-47.246,11.679,0,0,0,0,0,0,0
1.559e+09,1.1064,1.3863,-2.6492,0.004899,0.003136,-0.000714,0.16404,-0.98303,-0.082167,0.011896,0.007791,1.4e-05,4.7778,-47.247,11.664,0,0,0,0,0,0,0
1.559e+09,1.1104,1.3861,-2.6533,-0.001513,-0.009529,-0.010451,0.16456,-0.98299,-0.081608,0.006735,-0.002427,0.009815,4.8052,-47.241,11.68,0,0,0,0,0,0,0
1.559e+09,1.1096,1.386,-2.6525,-0.037612,0.000222,0.010974,0.16455,-0.98297,-0.08178,0.000104,-0.003997,0.014214,4.8203,-47.238,11.683,0,0,0,0,0,0,0
1.559e+09,1.1041,1.3865,-2.6463,-0.076867,0.052263,0.039201,0.16364,-0.98307,-0.082437,-0.007202,-0.002235,0.008569,4.8015,-47.24,11.685,0,0,0,0,0,0,0
1.559e+09,1.0964,1.3862,-2.6371,-0.078986,0.053325,0.034937,0.16328,-0.98301,-0.083843,0.005257,0.004969,-0.003361,4.7289,-47.268,11.599,0,0,0,0,0,0,0
1.559e+09,1.0907,1.3857,-2.6307,-0.048209,0.008714,-0.001766,0.16328,-0.98291,-0.085018,0.009707,0.00679,-0.005009,4.7072,-47.283,11.549,0,0,0,0,0,0,0
1.559e+09,1.089,1.384,-2.6294,-0.018521,-0.036927,-0.024604,0.16454,-0.98261,-0.086032,0.0009,0.016441,-0.002347,4.7699,-47.293,11.481,0,0,0,0,0,0,0
1.559e+09,1.0884,1.3837,-2.6294,0.000673,-0.017973,-0.00519,0.16475,-0.98255,-0.086266,-0.002873,0.010387,-0.001838,4.8003,-47.293,11.465,0,0,0,0,0,0,0
1.559e+09,1.0859,1.384,-2.6265,-0.031122,0.041441,0.031654,0.1643,-0.9826,-0.086564,-0.011803,0.001953,0.002396,4.7916,-47.296,11.457,0,0,0,0,0,0,0
1.559e+09,1.0781,1.3845,-2.6176,-0.071588,0.041669,0.042302,0.16318,-0.9827,-0.08761,0.000734,-0.003156,-0.001761,4.7177,-47.315,11.411,0,0,0,0,0,0,0
1.559e+09,1.0704,1.3844,-2.6093,-0.064204,0.015186,0.029243,0.16256,-0.98269,-0.088896,-0.005681,0.007436,-0.004716,4.6763,-47.335,11.345,0,0,0,0,0,0,0
1.559e+09,1.0637,1.3842,-2.6023,-0.010992,0.002188,0.00674,0.16219,-0.98264,-0.090106,-0.005301,0.019365,-0.019574,4.6545,-47.352,11.281,0,0,0,0,0,0,0
1.559e+09,1.0627,1.3842,-2.6018,0.059209,-0.021462,-0.010512,0.16208,-0.98264,-0.090259,-0.007602,-0.004115,-0.00137,4.6547,-47.357,11.261,0,0,0,0,0,0,0
1.559e+09,1.0676,1.3845,-2.6072,0.035816,-0.016062,-0.015817,0.16223,-0.98271,-0.089291,-0.003506,-0.011268,0.001721,4.6644,-47.346,11.302,0,0,0,0,0,0,0
1.559e+09,1.0689,1.3846,-2.6087,-0.001435,-0.007388,-0.000816,0.16231,-0.98271,-0.089066,-0.002288,-0.010833,0.001145,4.6676,-47.342,11.319,0,0,0,0,0,0,0
1.559e+09,1.0671,1.3851,-2.6067,-0.015236,0.011736,0.01644,0.16173,-0.9828,-0.08914,-0.010394,-0.004718,0.002027,4.6582,-47.342,11.322,0,0,0,0,0,0,0
1.559e+09,1.067,1.3853,-2.6066,0.007105,-0.002155,-0.005028,0.16148,-0.98285,-0.089005,-0.002332,-0.000682,0.00467,4.6283,-47.346,11.32,0,0,0,0,0,0,0
1.559e+09,1.0708,1.3854,-2.6106,0.033707,-0.010769,-0.016833,0.16173,-0.98287,-0.088352,-0.001975,-0.002541,0.005787,4.6305,-47.343,11.331,0,0,0,0,0,0,0
1.559e+09,1.0734,1.3859,-2.613,0.001843,0.015842,-0.004858,0.16158,-0.98295,-0.087729,-0.005897,-0.005055,0.003119,4.6391,-47.329,11.384,0,0,0,0,0,0,0
1.559e+09,1.0719,1.3861,-2.6113,-0.033311,0.011812,0.004685,0.16129,-0.98299,-0.087881,-0.00353,-0.007111,0.003698,4.6208,-47.331,11.383,0,0,0,0,0,0,0
1.559e+09,1.0667,1.3859,-2.6056,-0.05883,0.025704,0.015474,0.161,-0.98295,-0.088813,-0.00542,0.005381,0.002159,4.6117,-47.335,11.371,0,0,0,0,0,0,0
1.559e+09,1.0624,1.3851,-2.6008,-0.012028,0.008523,0.000399,0.16125,-0.98281,-0.089855,0.011346,0.028042,-0.009403,4.5829,-47.355,11.299,0,0,0,0,0,0,0
1.559e+09,1.0672,1.3844,-2.6062,0.064521,-0.037389,-0.038418,0.16229,-0.98268,-0.089412,0.006901,0.017596,-0.004049,4.6458,-47.351,11.291,0,0,0,0,0,0,0
1.559e+09,1.0747,1.3844,-2.6147,0.048509,-0.044683,-0.024621,0.16303,-0.98267,-0.088229,0.003296,0.005557,0.002871,4.6692,-47.341,11.322,0,0,0,0,0,0,0
1.559e+09,1.0761,1.3848,-2.6166,-0.017451,-0.013618,0.019397,0.1628,-0.98274,-0.087813,-0.005605,-0.009627,0.00891,4.7145,-47.323,11.381,0,0,0,0,0,0,0
1.559e+09,1.0714,1.3853,-2.6116,-0.050351,0.020392,0.028239,0.16192,-0.98284,-0.088328,-0.00251,-0.005423,0.004908,4.6758,-47.327,11.378,0,0,0,0,0,0,0
1.559e+09,1.0687,1.3849,-2.6087,-0.018479,-0.010467,0.002344,0.16198,-0.98278,-0.08892,0.008007,-0.001381,0.000586,4.6519,-47.338,11.343,0,0,0,0,0,0,0
1.559e+09,1.0711,1.3847,-2.6118,0.030442,-0.042494,-0.037426,0.1624,-0.98274,-0.088647,-0.001818,0.00338,0.004892,4.6776,-47.337,11.336,0,0,0,0,0,0,0
1.559e+09,1.0737,1.3846,-2.6152,-0.002514,-0.030697,-0.039473,0.16269,-0.98272,-0.088265,-0.013334,-0.012823,0.006921,4.7056,-47.328,11.36,0,0,0,0,0,0,0
1.559e+09,1.0691,1.3848,-2.6104,-0.081137,0.032138,-0.000495,0.16217,-0.98274,-0.088953,-0.010667,0.003039,-0.005361,4.7042,-47.328,11.363,0,0,0,0,0,0,0
1.559e+09,1.0581,1.384,-2.5985,-0.091804,0.036456,0.023026,0.16181,-0.98261,-0.091072,-0.005708,0.015647,-0.01104,4.6675,-47.355,11.265,0,0,0,0,0,0,0
1.559e+09,1.0538,1.3832,-2.594,-0.012096,-0.021104,-0.019101,0.16209,-0.98246,-0.092156,0.006951,0.027111,-0.012626,4.6499,-47.371,11.203,0,0,0,0,0,0,0
1.559e+09,1.0532,1.382,-2.5942,-0.003619,-0.03808,-0.03207,0.16309,-0.98223,-0.092852,0.002696,0.020867,-0.004941,4.7034,-47.377,11.158,0,0,0,0,0,0,0
1.559e+09,1.0518,1.3814,-2.5932,-0.033388,-0.010387,0.00447,0.16346,-0.98212,-0.093367,0.008292,0.003484,-0.001802,4.7394,-47.377,11.142,0,0,0,0,0,0,0
1.559e+09,1.0468,1.3806,-2.5882,-0.04084,-0.003987,0.017335,0.1637,-0.98196,-0.0946,0.00204,0.020401,-0.00414,4.7669,-47.389,11.08,0,0,0,0,0,0,0
1.559e+09,1.0441,1.3804,-2.5857,-0.000423,-0.021136,0.001187,0.16363,-0.98192,-0.095154,0.00193,0.021885,-0.007157,4.7637,-47.396,11.051,0,0,0,0,0,0,0
1.559e+09,1.0444,1.3799,-2.5865,0.021945,-0.019149,-0.005183,0.16404,-0.98184,-0.095322,0.008001,0.012172,-0.005508,4.7848,-47.398,11.033,0,0,0,0,0,0,0
1.559e+09,1.0469,1.3798,-2.5895,0.024027,-0.027597,0.007547,0.16441,-0.98181,-0.094989,0.019883,0.015514,-0.002652,4.7993,-47.394,11.042,0,0,0,0,0,0,0
1.559e+09,1.0491,1.3799,-2.5928,0.051556,-0.062592,0.028584,0.16453,-0.98183,-0.094573,0.025746,0.022294,-0.003983,4.8204,-47.389,11.054,0,0,0,0,0,0,0
1.559e+09,1.0546,1.3807,-2.5993,0.036709,-0.050902,0.018006,0.16432,-0.98199,-0.093259,-0.004668,0.007562,0.010374,4.852,-47.37,11.121,0,0,0,0,0,0,0
1.559e+09,1.054,1.3815,-2.5992,-0.005785,-0.016827,0.036449,0.16363,-0.98213,-0.093,-0.007043,-0.002735,0.009153,4.8426,-47.366,11.145,0,0,0,0,0,0,0
1.559e+09,1.048,1.3823,-2.5929,-0.062073,0.027881,0.048578,0.16233,-0.98229,-0.093548,-0.018475,-5.4e-05,0.006878,4.781,-47.371,11.149,0,0,0,0,0,0,0
1.559e+09,1.0373,1.3827,-2.5814,-0.066346,0.025795,0.052827,0.16099,-0.98236,-0.095094,-0.001153,0.009876,-0.005888,4.6953,-47.398,11.071,0,0,0,0,0,0,0
1.559e+09,1.0315,1.3828,-2.5755,-0.019592,-0.013607,0.021525,0.16035,-0.98238,-0.095963,-0.000237,0.012368,-0.007171,4.6603,-47.411,11.027,0,0,0,0,0,0,0
1.559e+09,1.0271,1.383,-2.5715,-0.019581,-0.01468,0.01084,0.15981,-0.98241,-0.096595,-0.008094,0.000187,-0.003976,4.643,-47.422,10.991,0,0,0,0,0,0,0
1.559e+09,1.0199,1.3829,-2.564,-0.053526,0.03416,0.037972,0.15912,-0.98241,-0.097755,0.000932,-0.008177,-0.011575,4.6066,-47.436,10.944,0,0,0,0,0,0,0
1.559e+09,1.0111,1.3821,-2.5545,-0.056748,0.019354,0.02181,0.15895,-0.98225,-0.099592,0.014451,-0.011112,-0.020845,4.573,-47.458,10.864,0,0,0,0,0,0,0
1.559e+09,1.001,1.3808,-2.5443,-0.073835,-0.002777,0.006637,0.15901,-0.98201,-0.10186,0.003227,-0.017015,-0.028264,4.5846,-47.476,10.781,0,0,0,0,0,0,0
1.559e+09,0.9868,1.3793,-2.5296,-0.10887,0.034424,0.021911,0.15882,-0.98171,-0.10496,0.009472,-0.02436,-0.035954,4.5722,-47.511,10.628,0,0,0,0,0,0,0
1.559e+09,0.9752,1.3784,-2.5168,-0.14077,0.053644,0.039152,0.15832,-0.98154,-0.1073,0.009736,-0.0229,-0.052556,4.5437,-47.545,10.487,0,0,0,0,0,0,0
1.559e+09,0.95747,1.3762,-2.498,-0.14715,0.04306,0.008083,0.15814,-0.98112,-0.11131,0.009339,-0.019031,-0.064071,4.5136,-47.57,10.387,0,0,0,0,0,0,0
1.559e+09,0.94424,1.3747,-2.4837,-0.16102,0.044227,0.033707,0.15782,-0.98084,-0.11424,0.011687,-0.016752,-0.085696,4.4947,-47.623,10.151,0,0,0,0,0,0,0
1.559e+09,0.91832,1.3725,-2.4567,-0.17802,0.064417,0.0467,0.15655,-0.9804,-0.11962,-0.018977,0.003181,-0.099662,4.4575,-47.65,10.037,0,0,0,0,0,0,0
1.559e+09,0.90577,1.3712,-2.4412,-0.14139,0.16888,0.041329,0.15605,-0.98014,-0.12237,-0.038096,0.006584,-0.12408,4.3823,-47.713,9.7714,0,0,0,0,0,0,0
1.559e+09,0.89871,1.3701,-2.4299,-0.12098,0.21313,0.016145,0.156,-0.97993,-0.12412,-0.01151,0.009256,-0.13679,4.2954,-47.749,9.6332,0,0,0,0,0,0,0
1.559e+09,0.89261,1.3687,-2.4194,-0.12633,0.20364,0.011779,0.15634,-0.97964,-0.12596,0.000962,0.022821,-0.14852,4.2574,-47.767,9.5571,0,0,0,0,0,0,0
1.559e+09,0.88604,1.3672,-2.4084,-0.14006,0.23225,0.006704,0.15664,-0.97934,-0.12791,-0.010249,0.032622,-0.15971,4.2083,-47.792,9.454,0,0,0,0,0,0,0
1.559e+09,0.88383,1.3664,-2.4005,-0.047281,0.30157,0.043742,0.15694,-0.97918,-0.12873,-0.034458,0.059673,-0.16297,4.1349,-47.821,9.3414,0,0,0,0,0,0,0
1.559e+09,0.88886,1.3667,-2.3983,0.011596,0.38683,0.01044,0.15732,-0.97925,-0.12772,-0.04297,0.062048,-0.16007,4.0595,-47.827,9.3408,0,0,0,0,0,0,0
1.559e+09,0.88435,1.3651,-2.3856,0.016091,0.44276,-0.035993,0.15799,-0.97892,-0.12945,-0.042998,0.061774,-0.142,3.9815,-47.825,9.386,0,0,0,0,0,0,0
1.559e+09,0.8959,1.3643,-2.3876,-0.018845,0.49896,-0.040822,0.16006,-0.97876,-0.12809,-0.021362,0.072877,-0.13984,3.8914,-47.855,9.2696,0,0,0,0,0,0,0
1.559e+09,0.89628,1.3625,-2.378,-0.032718,0.51072,0.000918,0.16154,-0.97837,-0.12918,-0.013993,0.096859,-0.13059,3.8408,-47.856,9.2834,0,0,0,0,0,0,0
1.559e+09,0.90243,1.3617,-2.3737,-0.072052,0.52466,-0.003251,0.16293,-0.97821,-0.12865,-0.048979,0.1494,-0.12959,3.7524,-47.884,9.1791,0,0,0,0,0,0,0
1.559e+09,0.90606,1.3596,-2.3672,-0.20087,0.48294,-0.082759,0.16498,-0.97779,-0.1293,-0.059847,0.15508,-0.092273,3.654,-47.901,9.1286,0,0,0,0,0,0,0
1.559e+09,0.90038,1.3522,-2.3523,-0.4297,0.42578,-0.23296,0.16992,-0.9762,-0.13473,-0.018992,0.12509,-0.067462,3.7214,-47.943,8.8781,0,0,0,0,0,0,0
1.559e+09,0.88227,1.3434,-2.3246,-0.56496,0.48277,-0.061699,0.17406,-0.97426,-0.14323,-0.008641,0.17428,-0.079168,3.7926,-47.973,8.6795,0,0,0,0,0,0,0
1.559e+09,0.85626,1.3382,-2.2861,-0.40196,0.62812,0.16616,0.17412,-0.97307,-0.15104,-0.006949,0.23697,-0.11919,3.7165,-48.103,7.9667,0,0,0,0,0,0,0
1.559e+09,0.85494,1.341,-2.2716,0.21215,0.61862,0.21568,0.1719,-0.9737,-0.14951,-0.00625,0.25111,-0.11155,3.5009,-48.145,7.8089,0,0,0,0,0,0,0
1.559e+09,0.88906,1.3484,-2.2956,0.49411,0.49954,0.03433,0.17128,-0.97537,-0.139,-0.011474,0.22917,-0.064951,3.222,-48.116,8.1028,0,0,0,0,0,0,0
1.559e+09,0.92789,1.3531,-2.3254,0.3409,0.50346,-0.004191,0.17288,-0.97639,-0.1295,-0.010826,0.15614,-0.027578,3.1023,-48.023,8.6814,0,0,0,0,0,0,0
1.559e+09,0.95392,1.3593,-2.3395,0.30488,0.688,0.28474,0.1712,-0.97773,-0.12141,-0.027289,0.1359,-0.023791,2.9911,-47.983,8.9363,0,0,0,0,0,0,0
1.559e+09,0.96849,1.3699,-2.338,0.26247,0.83864,0.50395,0.16442,-0.97989,-0.11304,-0.03745,0.13251,0.025472,2.5543,-47.945,9.2676,0,0,0,0,0,0,0
1.559e+09,0.97154,1.3809,-2.3241,0.16545,0.80642,0.52812,0.15588,-0.98202,-0.10648,-0.041093,0.12821,0.073075,1.7411,-47.917,9.5951,0,0,0,0,0,0,0
1.559e+09,0.96976,1.3897,-2.3068,0.099447,0.74951,0.41008,0.14851,-0.98365,-0.10183,-0.051177,0.12416,0.054512,1.2687,-47.908,9.7169,0,0,0,0,0,0,0
1.559e+09,0.97247,1.3979,-2.2937,0.16782,0.83057,0.42479,0.14218,-0.98508,-0.09692,-0.087124,0.15736,0.05415,0.73138,-47.895,9.835,0,0,0,0,0,0,0
1.559e+09,0.97078,1.4088,-2.2738,0.14759,0.91551,0.61136,0.13314,-0.9869,-0.091089,-0.072257,0.16795,0.14233,-0.052821,-47.857,10.045,0,0,0,0,0,0,0
1.559e+09,0.95179,1.42,-2.2369,0.038773,0.83891,0.60413,0.12238,-0.98865,-0.087188,-0.073954,0.16002,0.1705,-0.63806,-47.835,10.13,0,0,0,0,0,0,0
1.559e+09,0.92164,1.4281,-2.1908,-0.049743,0.73243,0.48026,0.11329,-0.98984,-0.085972,-0.074715,0.15614,0.13076,-1.3665,-47.818,10.134,0,0,0,0,0,0,0
1.559e+09,0.89907,1.4349,-2.1548,0.051207,0.63769,0.38976,0.10602,-0.99079,-0.084291,-0.10919,0.2844,0.15262,-2.0899,-47.804,10.081,0,0,0,0,0,0,0
1.559e+09,0.88969,1.4433,-2.1322,0.23847,0.64634,0.46793,0.098789,-0.99188,-0.080067,-0.11382,0.23376,0.2132,-2.2151,-47.797,10.086,0,0,0,0,0,0,0
1.559e+09,0.88318,1.4564,-2.1134,0.31672,0.5616,0.62519,0.088221,-0.99346,-0.072459,-0.090129,0.19817,0.26002,-3.0713,-47.698,10.328,0,0,0,0,0,0,0
1.559e+09,0.83395,1.4675,-2.0536,-0.013482,0.50417,0.64253,0.076351,-0.99467,-0.069275,-0.1185,0.207,0.16733,-3.9565,-47.583,10.553,0,0,0,0,0,0,0
1.559e+09,0.73286,1.4754,-1.942,-0.14761,0.52926,0.69711,0.063723,-0.99545,-0.070796,-0.11717,0.2747,0.16957,-4.1358,-47.571,10.54,0,0,0,0,0,0,0
1.559e+09,0.61828,1.485,-1.8173,0.21282,0.42281,0.75296,0.049645,-0.99633,-0.069794,-0.096063,0.25327,0.22519,-5.2772,-47.506,10.319,0,0,0,0,0,0,0
1.559e+09,0.57126,1.5021,-1.7651,0.73057,0.13865,0.56916,0.037137,-0.99764,-0.057779,-0.12335,0.16805,0.30488,-6.2014,-47.305,10.722,0,0,0,0,0,0,0
1.559e+09,0.50526,1.5176,-1.6969,0.38554,0.13212,0.64355,0.025724,-0.99859,-0.046504,-0.12593,0.053442,0.27719,-6.6095,-47.138,11.201,0,0,0,0,0,0,0
1.559e+09,0.18682,1.5263,-1.3733,0.048008,0.2973,1.0644,0.008269,-0.99901,-0.043744,-0.12187,0.078644,0.25505,-7.295,-46.968,11.487,0,0,0,0,0,0,0
1.559e+09,-0.39931,1.5251,-0.77972,0.16588,0.36483,1.4026,-0.017743,-0.99896,-0.042046,-0.11393,0.11973,0.32075,-8.7586,-46.715,11.497,0,0,0,0,0,0,0
1.559e+09,-0.90437,1.5155,-0.26899,0.50411,0.18199,1.1886,-0.043423,-0.99847,-0.03415,-0.17783,0.044204,0.39896,-9.1066,-46.643,11.519,0,0,0,0,0,0,0
1.559e+09,-1.1863,1.501,0.016049,0.30721,0.12043,1.0331,-0.064661,-0.99756,-0.026167,-0.19025,-0.044687,0.39879,-10.893,-46.124,12.047,0,0,0,0,0,0,0
1.559e+09,-1.3065,1.4816,0.1403,0.1008,0.1967,1.1319,-0.085991,-0.99602,-0.023275,-0.16012,-0.066766,0.38158,-12.145,-45.747,12.283,0,0,0,0,0,0,0
1.559e+09,-1.3852,1.4583,0.22203,0.20339,0.062139,1.2759,-0.1103,-0.99368,-0.020712,-0.03754,-0.064667,0.42141,-12.979,-45.507,12.321,0,0,0,0,0,0,0
1.559e+09,-1.4617,1.4334,0.29737,0.27604,-0.17075,1.3014,-0.13614,-0.99058,-0.014913,0.011493,-0.14256,0.45159,-14.146,-45.104,12.516,0,0,0,0,0,0,0
1.559e+09,-1.4905,1.406,0.32079,-0.1271,-0.33012,1.4587,-0.16355,-0.98645,-0.013164,-0.01353,-0.15721,0.36898,-15.573,-44.552,12.797,0,0,0,0,0,0,0
1.559e+09,-1.4793,1.3728,0.30075,-0.39305,-0.48053,1.725,-0.19585,-0.98047,-0.017973,-0.027646,-0.13405,0.34939,-16.865,-44.108,12.696,0,0,0,0,0,0,0
1.559e+09,-1.4709,1.3386,0.27957,-0.3659,-0.69755,1.6023,-0.22892,-0.97317,-0.022942,-0.10563,-0.16631,0.23135,-17.9,-43.734,12.572,0,0,0,0,0,0,0
1.559e+09,-1.4798,1.3102,0.27315,-0.10603,-0.7998,1.2855,-0.25656,-0.96625,-0.023408,-0.14594,-0.27259,0.17153,-19.329,-43.12,12.58,0,0,0,0,0,0,0
1.559e+09,-1.504,1.2868,0.27908,-0.03516,-0.99909,1.1502,-0.2796,-0.95993,-0.018692,-0.08629,-0.32109,0.19112,-20.143,-42.65,12.899,0,0,0,0,0,0,0
1.559e+09,-1.5169,1.263,0.26884,-0.31898,-1.1815,1.1931,-0.30255,-0.953,-0.016327,-0.065986,-0.39077,0.18886,-20.677,-42.316,13.153,0,0,0,0,0,0,0
1.559e+09,-1.5221,1.2399,0.24938,-0.36773,-1.1708,1.0757,-0.32447,-0.94576,-0.015816,-0.16277,-0.43209,0.17553,-21.513,-41.811,13.425,0,0,0,0,0,0,0
1.559e+09,-1.5252,1.2194,0.22878,-0.427,-1.1062,0.98658,-0.34386,-0.93889,-0.015675,-0.12953,-0.47653,0.15925,-21.931,-41.546,13.569,0,0,0,0,0,0,0
1.559e+09,-1.5241,1.2008,0.20243,-0.54858,-1.2484,0.83031,-0.36124,-0.93232,-0.016874,-0.052822,-0.51691,0.13612,-22.431,-41.236,13.698,0,0,0,0,0,0,0
1.559e+09,-1.5267,1.1885,0.17589,-0.46969,-1.39,0.43719,-0.37271,-0.9278,-0.016463,-0.10332,-0.55748,0.1205,-22.735,-41.006,13.884,0,0,0,0,0,0,0
1.559e+09,-1.5352,1.1833,0.15385,-0.42802,-1.4763,0.15027,-0.37762,-0.92586,-0.013455,-0.093859,-0.6107,0.087567,-22.654,-40.98,14.094,0,0,0,0,0,0,0
1.559e+09,-1.5388,1.181,0.12616,-0.60875,-1.4532,0.089491,-0.37977,-0.925,-0.012164,-0.095072,-0.64632,0.05376,-22.35,-41.045,14.387,0,0,0,0,0,0,0
1.559e+09,-1.5299,1.1793,0.085455,-0.87569,-1.4139,0.015986,-0.38126,-0.92433,-0.015618,-0.1302,-0.60865,0.020227,-21.909,-41.246,14.489,0,0,0,0,0,0,0
1.559e+09,-1.5113,1.1799,0.035295,-0.97334,-1.3977,-0.14088,-0.38032,-0.92458,-0.022637,-0.17917,-0.53296,-0.075019,-21.81,-41.307,14.463,0,0,0,0,0,0,0
1.559e+09,-1.4938,1.1836,-0.013588,-0.85801,-1.3722,-0.33059,-0.37648,-0.92597,-0.029033,-0.22532,-0.45614,-0.12638,-21.063,-41.792,14.176,0,0,0,0,0,0,0
1.559e+09,-1.4805,1.1921,-0.056804,-0.74247,-1.3235,-0.60655,-0.36821,-0.92914,-0.033334,-0.20935,-0.43836,-0.14373,-20.175,-42.281,14.015,0,0,0,0,0,0,0
1.559e+09,-1.463,1.2061,-0.1045,-0.84647,-1.3562,-0.88667,-0.35457,-0.93424,-0.038358,-0.2084,-0.39632,-0.17842,-19.955,-42.394,13.99,0,0,0,0,0,0,0
1.559e+09,-1.433,1.2231,-0.16391,-0.95444,-1.2162,-0.98577,-0.33749,-0.94016,-0.046817,-0.23033,-0.28735,-0.19386,-18.318,-43.221,13.697,0,0,0,0,0,0,0
1.559e+09,-1.394,1.2394,-0.22767,-0.88657,-0.95545,-0.95547,-0.32032,-0.94558,-0.05722,-0.22095,-0.22517,-0.19592,-17.722,-43.527,13.508,0,0,0,0,0,0,0
1.559e+09,-1.3536,1.255,-0.28733,-0.72506,-0.72801,-0.97131,-0.30326,-0.95056,-0.066924,-0.17179,-0.10973,-0.22986,-16.063,-44.364,12.844,0,0,0,0,0,0,0
1.559e+09,-1.3097,1.2727,-0.34838,-0.65028,-0.73608,-1.1624,-0.28373,-0.9559,-0.07581,-0.10139,-0.072493,-0.23445,-14.991,-44.856,12.425,0,0,0,0,0,0,0
1.559e+09,-1.2638,1.2946,-0.4124,-0.51919,-0.77511,-1.357,-0.25991,-0.96211,-0.082409,-0.099358,-0.065722,-0.22066,-14.394,-45.104,12.233,0,0,0,0,0,0,0
1.559e+09,-1.2123,1.3163,-0.48083,-0.47532,-0.6621,-1.2619,-0.23576,-0.96779,-0.088341,-0.084128,-0.015076,-0.22959,-12.316,-45.828,11.8,0,0,0,0,0,0,0
1.559e+09,-1.1599,1.3349,-0.54576,-0.30565,-0.4651,-1.1051,-0.21428,-0.9723,-0.093367,-0.10761,-0.009115,-0.24175,-11.028,-46.224,11.528,0,0,0,0,0,0,0
1.559e+09,-1.1121,1.3525,-0.60297,-0.18399,-0.35152,-1.0655,-0.1942,-0.97626,-0.095913,-0.072658,-0.013363,-0.21177,-9.638,-46.582,11.33,0,0,0,0,0,0,0
1.559e+09,-1.0513,1.3678,-0.67111,-0.33829,-0.29243,-0.9679,-0.17502,-0.97946,-0.10009,-0.030183,0.000522,-0.2083,-8.8503,-46.763,11.227,0,0,0,0,0,0,0
1.559e+09,-0.96941,1.3802,-0.76114,-0.42349,-0.3333,-1.0292,-0.15623,-0.98189,-0.1072,-0.057928,0.067305,-0.20899,-7.8698,-47.006,10.941,0,0,0,0,0,0,0
1.559e+09,-0.88393,1.395,-0.85566,-0.085964,-0.37122,-1.1681,-0.13521,-0.98459,-0.11088,-0.14735,0.12694,-0.25217,-6.5239,-47.29,10.594,0,0,0,0,0,0,0
1.559e+09,-0.80857,1.4143,-0.93635,0.22258,-0.067269,-1.1052,-0.11276,-0.98777,-0.10765,-0.13603,0.047695,-0.19714,-5.3477,-47.417,10.685,0,0,0,0,0,0,0
1.559e+09,-0.73303,1.4293,-1.0112,0.052488,0.11686,-0.8537,-0.094358,-0.99001,-0.1048,-0.083559,-0.006468,-0.18538,-4.8416,-47.447,10.793,0,0,0,0,0,0,0
1.559e+09,-0.60738,1.4376,-1.1387,-0.40044,-0.12732,-1.0432,-0.075773,-0.99115,-0.10902,-0.053667,0.1093,-0.17011,-3.5762,-47.565,10.766,0,0,0,0,0,0,0
1.559e+09,-0.42335,1.44,-1.3273,-0.4631,-0.1229,-1.1297,-0.053597,-0.99145,-0.11895,-0.10888,0.11391,-0.15437,-2.7656,-47.695,10.429,0,0,0,0,0,0,0
1.559e+09,-0.26105,1.4423,-1.4908,-0.15071,0.09342,-0.98648,-0.03308,-0.99175,-0.12383,-0.15172,0.13477,-0.15448,-1.9431,-47.804,10.108,0,0,0,0,0,0,0
1.559e+09,-0.10793,1.4426,-1.6407,-0.18104,0.28287,-0.92703,-0.01377,-0.9918,-0.12709,-0.099557,0.11945,-0.12385,-0.56781,-47.894,9.8479,0,0,0,0,0,0,0
1.559e+09,0.039723,1.4386,-1.784,-0.26412,0.26957,-0.92402,0.005235,-0.99127,-0.13172,-0.08925,0.096315,-0.10448,0.053608,-47.927,9.7018,0,0,0,0,0,0,0
1.559e+09,0.16546,1.4298,-1.905,-0.4068,0.31066,-0.80951,0.023151,-0.99007,-0.13863,-0.048694,0.13972,-0.07714,0.87442,-47.973,9.4314,0,0,0,0,0,0,0
1.559e+09,0.24978,1.4183,-1.983,-0.44518,0.38834,-0.59847,0.037547,-0.9884,-0.14718,-0.049754,0.20394,-0.10337,1.7036,-48.046,8.9365,0,0,0,0,0,0,0
1.559e+09,0.31536,1.4092,-2.0413,-0.19084,0.38177,-0.56523,0.049895,-0.98698,-0.15293,-0.062178,0.24592,-0.10489,2.0656,-48.083,8.6567,0,0,0,0,0,0,0
1.559e+09,0.39497,1.4054,-2.1162,0.13884,0.2255,-0.70419,0.063364,-0.98635,-0.152,-0.063883,0.25646,-0.091913,2.4271,-48.088,8.5338,0,0,0,0,0,0,0
1.559e+09,0.48875,1.4016,-2.2085,0.12897,0.095404,-0.79619,0.079059,-0.98572,-0.14867,-0.018375,0.17717,-0.041165,3.401,-47.994,8.7259,0,0,0,0,0,0,0
1.559e+09,0.56723,1.3949,-2.2858,-0.001913,0.15862,-0.68893,0.094046,-0.98456,-0.14762,-0.028525,0.16062,-0.030127,4.1224,-47.923,8.8059,0,0,0,0,0,0,0
1.559e+09,0.61862,1.3879,-2.3318,-0.090903,0.40787,-0.42718,0.10546,-0.98333,-0.14816,-0.072197,0.16915,-0.024742,4.4234,-47.896,8.8074,0,0,0,0,0,0,0
1.559e+09,0.64432,1.3827,-2.347,-0.14388,0.59242,-0.18843,0.1123,-0.98237,-0.14948,-0.035748,0.18586,0.008795,4.8787,-47.866,8.7309,0,0,0,0,0,0,0
1.559e+09,0.65401,1.3784,-2.3446,-0.20472,0.58549,-0.091392,0.1163,-0.98156,-0.15172,0.006793,0.18035,0.008407,4.9079,-47.876,8.6607,0,0,0,0,0,0,0
1.559e+09,0.66595,1.374,-2.3462,-0.12073,0.49925,-0.21386,0.12081,-0.98069,-0.15376,-0.002202,0.20984,0.018325,4.9073,-47.9,8.5275,0,0,0,0,0,0,0
1.559e+09,0.69896,1.3699,-2.3706,0.059133,0.42092,-0.3618,0.12839,-0.97989,-0.15275,-0.003833,0.1861,0.029767,5.1107,-47.883,8.5001,0,0,0,0,0,0,0
1.559e+09,0.7404,1.3662,-2.4051,0.082388,0.36794,-0.3687,0.13704,-0.97915,-0.14996,0.008943,0.14516,0.041122,5.4086,-47.828,8.6229,0,0,0,0,0,0,0
1.559e+09,0.76996,1.3628,-2.4273,-0.001718,0.43096,-0.22296,0.14374,-0.97845,-0.14825,0.021926,0.16453,0.045372,5.6021,-47.792,8.6991,0,0,0,0,0,0,0
1.559e+09,0.78756,1.3611,-2.436,0.01202,0.4681,-0.07526,0.14754,-0.97809,-0.1469,0.034823,0.12964,0.05347,5.7245,-47.766,8.7631,0,0,0,0,0,0,0
1.559e+09,0.79897,1.3605,-2.438,-0.022123,0.4673,-0.024048,0.14962,-0.97796,-0.14561,0.034665,0.14805,0.048517,5.7012,-47.761,8.8091,0,0,0,0,0,0,0
1.559e+09,0.80914,1.3601,-2.4399,0.04359,0.37285,-0.040914,0.15132,-0.97789,-0.1443,0.030579,0.14928,0.03964,5.6421,-47.761,8.8431,0,0,0,0,0,0,0
1.559e+09,0.82997,1.3605,-2.4547,0.16479,0.29283,-0.11632,0.15402,-0.97797,-0.14087,0.006728,0.13799,0.028779,5.6411,-47.735,8.9859,0,0,0,0,0,0,0
1.559e+09,0.85711,1.3616,-2.4755,0.23104,0.38767,-0.074787,0.157,-0.9782,-0.13596,-0.001362,0.13204,0.016267,5.6839,-47.701,9.1367,0,0,0,0,0,0,0
1.559e+09,0.88244,1.3649,-2.4937,0.24144,0.35923,0.023172,0.15792,-0.97887,-0.1299,0.019995,0.15953,0.024175,5.6628,-47.652,9.4029,0,0,0,0,0,0,0
1.559e+09,0.90842,1.3676,-2.5146,0.2635,0.22472,-0.075254,0.15912,-0.97943,-0.1241,0.026217,0.1255,0.054366,5.5815,-47.593,9.7414,0,0,0,0,0,0,0
1.559e+09,0.94033,1.3687,-2.5436,0.27085,0.16328,-0.14096,0.16215,-0.97964,-0.11834,-0.030951,0.12471,0.032614,5.6548,-47.528,10.013,0,0,0,0,0,0,0
1.559e+09,0.97283,1.3706,-2.572,0.29347,0.28697,-0.046875,0.16439,-0.98002,-0.11197,-0.033194,0.12509,0.02625,5.6548,-47.528,10.013,0,0,0,0,0,0,0
1.559e+09,1.0046,1.3737,-2.5973,0.29259,0.37056,0.010509,0.16525,-0.98064,-0.10503,-0.037334,0.10331,0.023319,5.6684,-47.395,10.62,0,0,0,0,0,0,0
1.559e+09,1.0391,1.3774,-2.625,0.35851,0.35015,0.018908,0.16567,-0.98135,-0.097457,-0.023784,0.0885,0.034575,5.5993,-47.348,10.864,0,0,0,0,0,0,0
1.559e+09,1.0796,1.3809,-2.6599,0.37859,0.28125,-0.035118,0.1664,-0.98203,-0.08901,-0.032838,0.092537,0.042288,5.5295,-47.29,11.145,0,0,0,0,0,0,0
1.559e+09,1.122,1.3829,-2.6989,0.36023,0.16921,-0.10347,0.16832,-0.98239,-0.08106,-0.01993,0.069765,0.075673,5.5022,-47.154,11.722,0,0,0,0,0,0,0
1.559e+09,1.1633,1.3834,-2.7382,0.3537,0.11423,-0.13176,0.17104,-0.98249,-0.073824,-0.024481,0.049679,0.089174,5.5563,-47.082,11.981,0,0,0,0,0,0,0
1.559e+09,1.2077,1.3833,-2.7809,0.34858,0.1396,-0.17316,0.17422,-0.98248,-0.066201,-0.03511,0.023158,0.098138,5.6287,-47.007,12.24,0,0,0,0,0,0,0
1.559e+09,1.2952,1.3869,-2.8639,0.17432,0.2516,-0.10602,0.17595,-0.98314,-0.049761,-0.013353,-0.029097,0.10897,5.7491,-46.901,12.587,0,0,0,0,0,0,0
1.559e+09,1.3129,1.3873,-2.8757,0.09235,0.3146,0.033312,0.1764,-0.98322,-0.046526,0.016397,-0.016964,0.10213,5.6861,-46.697,13.352,0,0,0,0,0,0,0
1.559e+09,1.3286,1.3883,-2.8865,0.12718,0.20761,-0.003985,0.17617,-0.9834,-0.043516,0.053028,-0.004579,0.091917,5.5768,-46.675,13.474,0,0,0,0,0,0,0
1.559e+09,1.3522,1.388,-2.9079,0.21741,0.091794,-0.086162,0.17746,-0.98334,-0.039422,0.035656,-0.011978,0.078728,5.5504,-46.619,13.676,0,0,0,0,0,0,0
1.559e+09,1.3782,1.3871,-2.9328,0.19068,0.061291,-0.079002,0.17926,-0.98318,-0.034965,0.01682,-0.045551,0.080406,5.5968,-46.565,13.839,0,0,0,0,0,0,0
1.559e+09,1.3923,1.3869,-2.9457,0.0693,0.085292,-0.006269,0.17998,-0.98313,-0.032477,0.017866,-0.056997,0.079016,5.6369,-46.52,13.975,0,0,0,0,0,0,0
1.559e+09,1.4285,1.3881,-2.9794,-0.005219,0.09844,0.041841,0.17986,-0.98335,-0.025767,0.022658,-0.038663,0.056025,5.6012,-46.408,14.356,0,0,0,0,0,0,0
1.559e+09,1.425,1.3891,-2.9744,-0.052237,0.051146,0.058433,0.1788,-0.98353,-0.026263,0.021162,-0.006838,0.026781,5.53,-46.421,14.341,0,0,0,0,0,0,0
1.559e+09,1.4271,1.3892,-2.9755,0.004161,0.038146,0.045538,0.17876,-0.98355,-0.02587,0.012296,-0.004042,0.009131,5.4961,-46.432,14.319,0,0,0,0,0,0,0
1.559e+09,1.4337,1.3895,-2.9815,0.06385,0.036693,-0.009946,0.17857,-0.98362,-0.024643,-0.012767,-0.024804,0.013016,5.4753,-46.414,14.386,0,0,0,0,0,0,0
1.559e+09,1.4364,1.3894,-2.9835,-0.013817,0.054029,0.000834,0.1788,-0.98359,-0.024169,-0.01279,-0.001703,-0.000749,5.4776,-46.402,14.424,0,0,0,0,0,0,0
1.559e+09,1.4307,1.391,-2.9763,0.024523,0.075013,0.032032,0.17703,-0.98389,-0.024968,-0.016341,0.013582,-0.010524,5.4652,-46.405,14.418,0,0,0,0,0,0,0
1.559e+09,1.4397,1.3912,-2.9845,0.085133,0.030218,-0.022798,0.17709,-0.98392,-0.023347,-0.000451,0.013795,0.00496,5.3539,-46.413,14.433,0,0,0,0,0,0,0
1.559e+09,1.4493,1.3913,-2.9938,0.045737,0.026196,-0.023934,0.17724,-0.98393,-0.021641,-0.008809,0.020307,0.005009,5.3739,-46.389,14.503,0,0,0,0,0,0,0
1.559e+09,1.4531,1.391,-2.9972,0.019064,0.01155,-0.015555,0.17761,-0.98388,-0.021003,0.012107,-0.012582,0.012351,5.3627,-46.376,14.55,0,0,0,0,0,0,0
1.559e+09,1.4566,1.3907,-3.0002,-0.05432,0.029903,-0.016506,0.17794,-0.98383,-0.020416,0.000312,0.000614,0.01323,5.3745,-46.374,14.552,0,0,0,0,0,0,0
1.559e+09,1.451,1.39,-2.9934,-0.056379,0.06484,0.013719,0.17856,-0.98369,-0.02149,0.007066,0.006614,0.001287,5.368,-46.378,14.542,0,0,0,0,0,0,0
1.559e+09,1.4544,1.3875,-2.9957,0.018127,0.040066,-0.034513,0.18103,-0.98325,-0.021163,0.020325,0.005726,-0.000246,5.4187,-46.373,14.537,0,0,0,0,0,0,0
1.559e+09,1.4569,1.3846,-2.9983,0.015884,-0.020257,-0.091683,0.18391,-0.98272,-0.021036,0.009223,-0.005517,-0.001303,5.5776,-46.35,14.552,0,0,0,0,0,0,0
1.559e+09,1.4569,1.3834,-2.9987,0.001998,-0.007413,-0.032851,0.18513,-0.98249,-0.021187,0.000901,-0.019529,-0.0028,5.6708,-46.339,14.55,0,0,0,0,0,0,0
1.559e+09,1.4523,1.384,-2.9938,-0.053359,0.021515,0.03251,0.18441,-0.9826,-0.021963,-3.9e-05,-0.016664,-0.004053,5.6725,-46.343,14.537,0,0,0,0,0,0,0
1.559e+09,1.4407,1.3847,-2.9814,-0.10218,0.048141,-0.004639,0.18349,-0.98273,-0.024,-0.011354,0.002046,-0.003542,5.6209,-46.379,14.442,0,0,0,0,0,0,0
1.559e+09,1.4317,1.385,-2.9712,-0.050012,0.055275,0.001879,0.18295,-0.98279,-0.025608,-0.014217,-0.002319,-0.006909,5.5585,-46.418,14.342,0,0,0,0,0,0,0
1.559e+09,1.4298,1.3847,-2.9684,-0.031997,0.019205,-0.023007,0.18322,-0.98273,-0.026014,-0.011302,-0.01683,-0.000628,5.5511,-46.423,14.326,0,0,0,0,0,0,0
1.559e+09,1.4237,1.3844,-2.9621,-0.06289,0.009846,-0.028458,0.1833,-0.98268,-0.027156,-0.014691,-0.001846,-0.008626,5.5507,-46.441,14.27,0,0,0,0,0,0,0
1.559e+09,1.4154,1.3843,-2.9538,-0.021375,-0.009467,-0.073446,0.18314,-0.98267,-0.028692,-0.012787,0.0031,-0.006617,5.5411,-46.46,14.21,0,0,0,0,0,0,0
1.559e+09,1.414,1.3827,-2.9526,-0.035203,-0.006223,-0.073426,0.1847,-0.98236,-0.029196,-0.014883,0.003571,-0.009531,5.5719,-46.466,14.18,0,0,0,0,0,0,0
1.559e+09,1.408,1.3822,-2.9461,-0.044706,0.038288,-0.028164,0.18496,-0.98228,-0.030379,-0.015478,0.01757,-0.011491,5.6318,-46.479,14.113,0,0,0,0,0,0,0
1.559e+09,1.4042,1.3813,-2.942,0.023355,-0.001246,-0.073329,0.18572,-0.98211,-0.03123,-0.001208,0.017172,-0.009373,5.6335,-46.491,14.074,0,0,0,0,0,0,0
1.559e+09,1.4098,1.3794,-2.9482,0.037163,-0.02462,-0.1045,0.18772,-0.98175,-0.03049,0.001151,0.013563,-0.002789,5.6906,-46.484,14.071,0,0,0,0,0,0,0
1.559e+09,1.4111,1.3778,-2.9495,-0.0203,0.014902,-0.030505,0.18937,-0.98143,-0.030495,0.011344,0.017763,-0.001747,5.841,-46.456,14.103,0,0,0,0,0,0,0
1.559e+09,1.4103,1.3756,-2.9485,-0.000144,1.7e-05,-0.017827,0.19148,-0.98101,-0.03099,0.021789,0.0219,-0.003326,5.8896,-46.456,14.084,0,0,0,0,0,0,0
1.559e+09,1.4131,1.375,-2.9519,0.043385,-0.045699,-0.041718,0.19213,-0.98089,-0.030545,0.020502,0.031263,-0.005542,5.9506,-46.45,14.077,0,0,0,0,0,0,0
1.559e+09,1.4162,1.3714,-2.9565,0.075205,-0.078631,-0.039883,0.19574,-0.98018,-0.030507,0.014797,0.015306,-0.007564,6.0507,-46.432,14.093,0,0,0,0,0,0,0
1.559e+09,1.42,1.3707,-2.9618,0.050796,-0.049946,-0.027885,0.19653,-0.98004,-0.029857,-0.007554,0.015,-0.004857,6.2321,-46.395,14.137,0,0,0,0,0,0,0
1.559e+09,1.4216,1.371,-2.9636,0.005147,0.011679,0.024984,0.19624,-0.98011,-0.029493,-0.00929,0.011164,-0.001543,6.2321,-46.395,14.137,0,0,0,0,0,0,0
1.559e+09,1.4171,1.3711,-2.9586,-0.036355,0.025668,0.045367,0.19599,-0.98014,-0.030358,0.009134,0.021579,-0.00959,6.2148,-46.393,14.15,0,0,0,0,0,0,0
1.559e+09,1.4136,1.3712,-2.955,-0.005548,-0.01367,0.000173,0.19586,-0.98014,-0.031038,0.006902,0.01307,-0.006438,6.184,-46.414,14.094,0,0,0,0,0,0,0
1.559e+09,1.4137,1.3704,-2.9557,0.018905,-0.040282,-0.038498,0.19663,-0.97998,-0.031155,0.003211,0.011385,-0.009083,6.184,-46.414,14.094,0,0,0,0,0,0,0
1.559e+09,1.4111,1.3705,-2.9538,-0.00235,-0.009454,0.004487,0.19646,-0.98,-0.031638,-0.010976,-0.000422,-0.007394,6.2562,-46.409,14.08,0,0,0,0,0,0,0
1.559e+09,1.409,1.3709,-2.9513,-0.015009,0.031856,0.017685,0.19598,-0.98009,-0.031978,-0.007319,0.010955,-0.006459,6.234,-46.42,14.053,0,0,0,0,0,0,0
1.559e+09,1.4056,1.371,-2.9471,-0.01814,0.039231,-0.008938,0.19581,-0.9801,-0.032641,-0.006814,0.013805,-0.013639,6.2146,-46.427,14.037,0,0,0,0,0,0,0
1.559e+09,1.4029,1.3697,-2.944,0.005177,0.011633,-0.003849,0.19689,-0.97986,-0.033379,0.013406,0.01097,-0.008339,6.2255,-46.443,13.981,0,0,0,0,0,0,0
1.559e+09,1.4057,1.3691,-2.9468,0.02108,-0.012778,-0.014749,0.19763,-0.97972,-0.032936,0.012,-0.003247,-0.000206,6.2479,-46.443,13.971,0,0,0,0,0,0,0
1.559e+09,1.4051,1.3688,-2.9465,-0.046012,-0.008151,0.016202,0.19789,-0.97967,-0.03309,0.002506,-0.016153,0.004571,6.3031,-46.428,13.997,0,0,0,0,0,0,0
1.559e+09,1.3973,1.3697,-2.938,-0.078911,0.033281,0.040063,0.19678,-0.97984,-0.034494,-0.013176,0.007992,-0.00492,6.2653,-46.449,13.942,0,0,0,0,0,0,0
1.559e+09,1.3897,1.3713,-2.9294,-0.04052,0.059518,0.049957,0.19492,-0.98017,-0.035682,-0.020752,0.008933,-0.005486,6.2394,-46.46,13.917,0,0,0,0,0,0,0
1.559e+09,1.3865,1.3719,-2.9249,-0.040488,0.042518,-0.008925,0.19426,-0.98028,-0.03622,-0.004965,0.005579,-0.000248,6.0993,-46.501,13.845,0,0,0,0,0,0,0
1.559e+09,1.3836,1.3712,-2.9215,-0.038417,0.019235,-0.02089,0.19478,-0.98015,-0.036894,-0.000974,-0.002192,0.00247,6.0881,-46.507,13.829,0,0,0,0,0,0,0
1.559e+09,1.3809,1.371,-2.9183,-0.048048,0.021457,0.017558,0.19488,-0.98011,-0.037451,0.006813,0.003336,0.006139,6.1073,-46.519,13.778,0,0,0,0,0,0,0
1.559e+09,1.3775,1.3707,-2.9146,-0.040613,-0.007115,-0.002994,0.19505,-0.98005,-0.038184,0.009301,0.003626,0.006735,6.0972,-46.527,13.756,0,0,0,0,0,0,0
1.559e+09,1.3758,1.3705,-2.9131,-0.020427,-0.012484,0.011917,0.1952,-0.98001,-0.038553,0.000781,0.014093,0.007715,6.1199,-46.535,13.72,0,0,0,0,0,0,0
1.559e+09,1.3744,1.3708,-2.9118,-0.015125,-0.011431,0.027945,0.19486,-0.98006,-0.038766,0.002769,0.009712,0.007639,6.1097,-46.539,13.709,0,0,0,0,0,0,0
1.559e+09,1.3716,1.371,-2.9093,-0.03855,-0.021905,0.009676,0.19453,-0.98011,-0.039275,-0.001265,-0.008095,0.013106,6.0997,-46.543,13.702,0,0,0,0,0,0,0
1.559e+09,1.3639,1.3715,-2.9016,-0.11194,0.00706,0.036587,0.19379,-0.9802,-0.040673,-0.006453,-0.014779,0.009866,6.0689,-46.564,13.642,0,0,0,0,0,0,0
1.559e+09,1.3518,1.3718,-2.8887,-0.11294,0.025026,0.03142,0.19295,-0.98027,-0.042948,-0.002302,0.007659,0.001367,6.0217,-46.602,13.532,0,0,0,0,0,0,0
1.559e+09,1.3443,1.3721,-2.881,-0.044877,0.00564,0.030221,0.19237,-0.98032,-0.044322,-0.01134,0.023488,-0.010213,6.005,-46.619,13.484,0,0,0,0,0,0,0
